#node1	node2	node1_string_id	node2_string_id	neighborhood_on_chromosome	gene_fusion	phylogenetic_cooccurrence	homology	coexpression	experimentally_determined_interaction	database_annotated	automated_textmining	combined_score
Actn1	Itga6	10116.ENSRNOP00000068851	10116.ENSRNOP00000002075	0	0	0	0	0	0	0.650	0	0.650
Actn1	Mcam	10116.ENSRNOP00000068851	10116.ENSRNOP00000010464	0	0	0	0	0	0	0.400	0	0.400
Actn1	Efhd2	10116.ENSRNOP00000068851	10116.ENSRNOP00000018864	0	0	0	0	0	0	0.400	0	0.400
Actn1	Itga2b	10116.ENSRNOP00000068851	10116.ENSRNOP00000052051	0	0	0	0	0	0	0.650	0	0.650
Ada	Nt5c3a	10116.ENSRNOP00000014151	10116.ENSRNOP00000071357	0	0	0	0	0	0	0.900	0	0.900
Ada	Adk	10116.ENSRNOP00000014151	10116.ENSRNOP00000073983	0	0	0	0	0	0.252	0.930	0	0.945
Adk	Ak2	10116.ENSRNOP00000073983	10116.ENSRNOP00000000134	0	0	0	0	0	0.077	0.900	0	0.903
Adk	Jchain	10116.ENSRNOP00000073983	10116.ENSRNOP00000004866	0	0	0	0	0	0.409	0	0	0.408
Adk	Upp1	10116.ENSRNOP00000073983	10116.ENSRNOP00000006765	0	0	0	0	0	0.101	0.386	0	0.424
Adk	Nt5c3a	10116.ENSRNOP00000073983	10116.ENSRNOP00000071357	0	0	0	0	0	0	0.900	0	0.900
Ak2	Nt5c3a	10116.ENSRNOP00000000134	10116.ENSRNOP00000071357	0	0	0	0	0	0	0.650	0	0.650
Aldh2	Dera	10116.ENSRNOP00000001816	10116.ENSRNOP00000009998	0	0	0	0	0	0.314	0.302	0	0.500
Aldh2	Aldh9a1	10116.ENSRNOP00000001816	10116.ENSRNOP00000005611	0	0	0	0.888	0	0	0.900	0	0.900
Aldh2	Doxl1	10116.ENSRNOP00000001816	10116.ENSRNOP00000033821	0	0	0	0	0	0	0.922	0	0.922
Aldh2	Hibadh	10116.ENSRNOP00000001816	10116.ENSRNOP00000011069	0	0	0	0	0	0.100	0.910	0	0.915
Aldh2	Maoa	10116.ENSRNOP00000001816	10116.ENSRNOP00000063784	0	0	0	0	0	0	0.924	0	0.924
Aldh2	Hadh	10116.ENSRNOP00000001816	10116.ENSRNOP00000014658	0	0	0	0	0	0.125	0.906	0	0.914
Aldh9a1	Dera	10116.ENSRNOP00000005611	10116.ENSRNOP00000009998	0	0	0	0	0	0.283	0.302	0	0.478
Aldh9a1	Doxl1	10116.ENSRNOP00000005611	10116.ENSRNOP00000033821	0	0	0	0	0	0	0.922	0	0.922
Aldh9a1	Hibadh	10116.ENSRNOP00000005611	10116.ENSRNOP00000011069	0	0	0	0	0	0.100	0.910	0	0.915
Aldh9a1	Maoa	10116.ENSRNOP00000005611	10116.ENSRNOP00000063784	0	0	0	0	0	0	0.924	0	0.924
Aldh9a1	Hadh	10116.ENSRNOP00000005611	10116.ENSRNOP00000014658	0	0	0	0	0	0.068	0.906	0	0.908
Aldoc	Hk2	10116.ENSRNOP00000072735	10116.ENSRNOP00000008813	0	0	0	0	0	0	0.800	0	0.800
Aldoc	Dera	10116.ENSRNOP00000072735	10116.ENSRNOP00000009998	0	0	0	0	0	0	0.900	0	0.900
Aldoc	Pgm1	10116.ENSRNOP00000072735	10116.ENSRNOP00000013785	0	0	0	0	0	0	0.800	0	0.800
Aldoc	Ldhb	10116.ENSRNOP00000072735	10116.ENSRNOP00000017965	0	0	0	0	0	0.061	0.800	0	0.804
Alg5	Dpm1	10116.ENSRNOP00000068790	10116.ENSRNOP00000016150	0	0	0	0.640	0	0	0.900	0	0.900
Amot	Sfn	10116.ENSRNOP00000070184	10116.ENSRNOP00000040819	0	0	0	0	0	0.598	0	0	0.598
Amot	Stk4	10116.ENSRNOP00000070184	10116.ENSRNOP00000061873	0	0	0	0	0	0.099	0.500	0	0.530
Ank3	Sptbn1	10116.ENSRNOP00000071472	10116.ENSRNOP00000074766	0	0	0	0	0	0.946	0	0	0.946
B2m	Tfrc	10116.ENSRNOP00000023017	10116.ENSRNOP00000002407	0	0	0	0	0	0.499	0.720	0	0.853
B2m	Sec31a	10116.ENSRNOP00000023017	10116.ENSRNOP00000003072	0	0	0	0	0	0	0.500	0	0.499
B2m	Calr	10116.ENSRNOP00000023017	10116.ENSRNOP00000004091	0	0	0	0	0	0.327	0.720	0	0.803
B2m	Pdia3	10116.ENSRNOP00000023017	10116.ENSRNOP00000020478	0	0	0	0	0	0.313	0.800	0	0.856
B2m	Hspa5	10116.ENSRNOP00000023017	10116.ENSRNOP00000025064	0	0	0	0	0	0	0.500	0	0.499
B2m	RT1-CE4	10116.ENSRNOP00000023017	10116.ENSRNOP00000059471	0	0	0	0	0	0.338	0.500	0	0.654
B2m	Tapbp	10116.ENSRNOP00000023017	10116.ENSRNOP00000045630	0	0	0	0	0	0.502	0.720	0	0.854
Bhmt	Shmt2	10116.ENSRNOP00000015336	10116.ENSRNOP00000011082	0	0	0	0	0	0	0.408	0	0.408
Btf3	Rpl19	10116.ENSRNOP00000022864	10116.ENSRNOP00000006359	0	0	0	0	0	0.266	0.540	0	0.647
Btf3	Rpl18a	10116.ENSRNOP00000022864	10116.ENSRNOP00000025421	0	0	0	0	0	0.415	0.540	0	0.719
Btf3	Rpl11	10116.ENSRNOP00000022864	10116.ENSRNOP00000072829	0	0	0	0	0	0.420	0.540	0	0.721
C4b	Cd55	10116.ENSRNOP00000037902	10116.ENSRNOP00000005284	0	0	0	0	0	0.358	0.500	0	0.665
C4b	C4bpa	10116.ENSRNOP00000037902	10116.ENSRNOP00000005461	0	0	0	0	0	0.236	0.900	0	0.920
C4b	M0RBD5_RAT	10116.ENSRNOP00000037902	10116.ENSRNOP00000070092	0	0	0	0	0	0.077	0.400	0	0.422
C6	Nup62cl	10116.ENSRNOP00000029891	10116.ENSRNOP00000075626	0	0	0	0	0	0	0.540	0	0.540
C6	Cd59	10116.ENSRNOP00000029891	10116.ENSRNOP00000060967	0	0	0	0	0	0	0.500	0	0.499
C6	Plekha7	10116.ENSRNOP00000029891	10116.ENSRNOP00000074003	0	0	0	0	0	0	0.720	0	0.720
Calr	RT1-CE4	10116.ENSRNOP00000004091	10116.ENSRNOP00000059471	0	0	0	0	0	0.163	0.500	0	0.563
Calr	Pdia4	10116.ENSRNOP00000004091	10116.ENSRNOP00000008728	0	0	0	0	0	0.403	0	0	0.402
Calr	Hspa5	10116.ENSRNOP00000004091	10116.ENSRNOP00000025064	0	0	0	0	0	0.128	0.500	0	0.545
Calr	Hsp90b1	10116.ENSRNOP00000004091	10116.ENSRNOP00000034846	0	0	0	0	0	0.419	0.400	0	0.636
Calr	Pdia3	10116.ENSRNOP00000004091	10116.ENSRNOP00000020478	0	0	0	0	0	0.770	0.800	0	0.952
Calr	Tapbp	10116.ENSRNOP00000004091	10116.ENSRNOP00000045630	0	0	0	0	0	0.720	0.900	0	0.970
Cavin1	Tfrc	10116.ENSRNOP00000026783	10116.ENSRNOP00000002407	0	0	0	0	0	0	0.400	0	0.400
Cavin1	Mcam	10116.ENSRNOP00000026783	10116.ENSRNOP00000010464	0	0	0	0	0	0	0.400	0	0.400
Cavin1	Stk10	10116.ENSRNOP00000026783	10116.ENSRNOP00000044325	0	0	0	0	0	0	0.400	0	0.400
Cd55	Kdelr2	10116.ENSRNOP00000005284	10116.ENSRNOP00000001438	0	0	0	0	0	0	0.400	0	0.400
Cd55	Uso1	10116.ENSRNOP00000005284	10116.ENSRNOP00000003277	0	0	0	0	0	0	0.500	0	0.499
Cd55	Tmed7	10116.ENSRNOP00000005284	10116.ENSRNOP00000004942	0	0	0	0	0	0	0.500	0	0.499
Cd55	Tmed3	10116.ENSRNOP00000005284	10116.ENSRNOP00000018603	0	0	0	0	0	0	0.500	0	0.499
Cd55	Copz2	10116.ENSRNOP00000005284	10116.ENSRNOP00000052330	0	0	0	0	0	0	0.500	0	0.499
Cd55	Sptbn1	10116.ENSRNOP00000005284	10116.ENSRNOP00000074766	0	0	0	0	0	0.056	0.500	0	0.507
Cd55	Sptan1	10116.ENSRNOP00000005284	10116.ENSRNOP00000072038	0	0	0	0	0	0.063	0.500	0	0.511
Cd55	Cd59	10116.ENSRNOP00000005284	10116.ENSRNOP00000060967	0	0	0	0	0	0	0.400	0	0.400
Cd59	Kdelr2	10116.ENSRNOP00000060967	10116.ENSRNOP00000001438	0	0	0	0	0	0	0.400	0	0.400
Cd59	Sec31a	10116.ENSRNOP00000060967	10116.ENSRNOP00000003072	0	0	0	0	0	0	0.500	0	0.499
Cd59	Uso1	10116.ENSRNOP00000060967	10116.ENSRNOP00000003277	0	0	0	0	0	0	0.500	0	0.499
Cd59	Tmed7	10116.ENSRNOP00000060967	10116.ENSRNOP00000004942	0	0	0	0	0	0	0.500	0	0.499
Cd59	Tmed3	10116.ENSRNOP00000060967	10116.ENSRNOP00000018603	0	0	0	0	0	0	0.500	0	0.499
Cd59	Lman2	10116.ENSRNOP00000060967	10116.ENSRNOP00000021638	0	0	0	0	0	0	0.500	0	0.499
Cd59	Lman1	10116.ENSRNOP00000060967	10116.ENSRNOP00000035966	0	0	0	0	0	0	0.500	0	0.499
Cd59	Copz2	10116.ENSRNOP00000060967	10116.ENSRNOP00000052330	0	0	0	0	0	0	0.500	0	0.499
Cd59	Tfg	10116.ENSRNOP00000060967	10116.ENSRNOP00000075029	0	0	0	0	0	0	0.500	0	0.499
Cd59	Sptbn1	10116.ENSRNOP00000060967	10116.ENSRNOP00000074766	0	0	0	0	0	0	0.500	0	0.499
Cd59	Sptan1	10116.ENSRNOP00000060967	10116.ENSRNOP00000072038	0	0	0	0	0	0	0.500	0	0.499
Cda	Upp1	10116.ENSRNOP00000021036	10116.ENSRNOP00000006765	0	0	0	0	0	0	0.947	0	0.947
Cda	Dera	10116.ENSRNOP00000021036	10116.ENSRNOP00000009998	0	0	0	0	0	0	0.498	0	0.497
Cda	Cmpk2	10116.ENSRNOP00000021036	10116.ENSRNOP00000043468	0	0	0	0	0	0	0.498	0	0.497
Cda	Ces1c	10116.ENSRNOP00000021036	10116.ENSRNOP00000024622	0	0	0	0	0	0	0.900	0	0.900
Cda	Nt5c3a	10116.ENSRNOP00000021036	10116.ENSRNOP00000071357	0	0	0	0	0	0	0.900	0	0.900
Cdh1	Coro1c	10116.ENSRNOP00000027346	10116.ENSRNOP00000000886	0	0	0	0	0	0.084	0.720	0	0.732
Cdh1	Rpl18a	10116.ENSRNOP00000027346	10116.ENSRNOP00000025421	0	0	0	0	0	0.480	0	0	0.480
Cdh1	Rps15	10116.ENSRNOP00000027346	10116.ENSRNOP00000035156	0	0	0	0	0	0.480	0	0	0.480
Cdh1	D4A4W9_RAT	10116.ENSRNOP00000027346	10116.ENSRNOP00000054703	0	0	0	0	0	0.488	0	0	0.487
Cdh1	Rpl11	10116.ENSRNOP00000027346	10116.ENSRNOP00000072829	0	0	0	0	0	0.480	0	0	0.480
Cgm4	Psg29	10116.ENSRNOP00000033854	10116.ENSRNOP00000044708	0	0	0	0.933	0	0	0.400	0	0.400
Chek1	Dad1	10116.ENSRNOP00000069884	10116.ENSRNOP00000012233	0	0	0	0	0	0.772	0.900	0	0.976
Chek1	Sec61a1	10116.ENSRNOP00000069884	10116.ENSRNOP00000018455	0	0	0	0	0	0.705	0	0	0.705
Chek1	Rpl13	10116.ENSRNOP00000069884	10116.ENSRNOP00000020635	0	0	0	0	0	0.492	0	0	0.491
Chek1	LOC680835	10116.ENSRNOP00000069884	10116.ENSRNOP00000024266	0	0	0	0	0	0.419	0	0	0.418
Chek1	Rpl18a	10116.ENSRNOP00000069884	10116.ENSRNOP00000025421	0	0	0	0	0	0.567	0	0	0.567
Chek1	Rps15	10116.ENSRNOP00000069884	10116.ENSRNOP00000035156	0	0	0	0	0	0.417	0	0	0.416
Chek1	D4A4W9_RAT	10116.ENSRNOP00000069884	10116.ENSRNOP00000054703	0	0	0	0	0	0.567	0	0	0.567
Chek1	Rpl26	10116.ENSRNOP00000069884	10116.ENSRNOP00000071514	0	0	0	0	0	0.481	0	0	0.481
Chek1	Rpl11	10116.ENSRNOP00000069884	10116.ENSRNOP00000072829	0	0	0	0	0	0.545	0	0	0.545
Clip1	Eml4	10116.ENSRNOP00000073711	10116.ENSRNOP00000072435	0	0	0	0	0	0	0.500	0	0.499
Cmpk2	Impact	10116.ENSRNOP00000043468	10116.ENSRNOP00000064200	0	0	0	0	0	0	0.574	0	0.574
Cmpk2	Nt5c3a	10116.ENSRNOP00000043468	10116.ENSRNOP00000071357	0	0	0	0	0	0	0.900	0	0.900
Col1a1	Itga6	10116.ENSRNOP00000005311	10116.ENSRNOP00000002075	0	0	0	0	0	0.046	0.650	0	0.651
Col1a1	Itga2b	10116.ENSRNOP00000005311	10116.ENSRNOP00000052051	0	0	0	0	0	0.055	0.650	0	0.655
Col1a1	P4ha2	10116.ENSRNOP00000005311	10116.ENSRNOP00000048172	0	0	0	0	0	0.145	0.400	0	0.465
Col1a1	Ppib	10116.ENSRNOP00000005311	10116.ENSRNOP00000022828	0	0	0	0	0	0	0.500	0	0.499
Col1a1	Plod1	10116.ENSRNOP00000005311	10116.ENSRNOP00000010433	0	0	0	0	0	0.101	0.500	0	0.531
Col1a1	LOC102555086	10116.ENSRNOP00000005311	10116.ENSRNOP00000068391	0	0	0	0	0	0.081	0.500	0	0.520
Col1a1	Serpinh1	10116.ENSRNOP00000005311	10116.ENSRNOP00000022983	0	0	0	0	0	0.099	0.500	0	0.530
Comt	Maoa	10116.ENSRNOP00000043148	10116.ENSRNOP00000063784	0	0	0	0	0	0	0.910	0	0.910
Copz2	Kdelr2	10116.ENSRNOP00000052330	10116.ENSRNOP00000001438	0	0	0	0	0	0	0.500	0	0.499
Copz2	Uso1	10116.ENSRNOP00000052330	10116.ENSRNOP00000003277	0	0	0	0	0	0.092	0.500	0	0.526
Copz2	Tmed7	10116.ENSRNOP00000052330	10116.ENSRNOP00000004942	0	0	0	0	0	0	0.500	0	0.499
Copz2	Tmed3	10116.ENSRNOP00000052330	10116.ENSRNOP00000018603	0	0	0	0	0	0	0.720	0	0.720
Copz2	Sptan1	10116.ENSRNOP00000052330	10116.ENSRNOP00000072038	0	0	0	0	0	0	0.500	0	0.499
Copz2	Sptbn1	10116.ENSRNOP00000052330	10116.ENSRNOP00000074766	0	0	0	0	0	0	0.500	0	0.499
Cox5b	MGC105649	10116.ENSRNOP00000022487	10116.ENSRNOP00000065010	0	0	0	0	0	0.067	0.540	0	0.552
Cyp2s1	Gstp1	10116.ENSRNOP00000028177	10116.ENSRNOP00000024601	0	0	0	0	0	0	0.650	0	0.650
D4A4W9_RAT	Rpl19	10116.ENSRNOP00000054703	10116.ENSRNOP00000006359	0	0	0	0	0	0.413	0.800	0	0.877
D4A4W9_RAT	LOC100911372	10116.ENSRNOP00000054703	10116.ENSRNOP00000010383	0	0	0	0	0	0.560	0	0	0.560
D4A4W9_RAT	Sec61a1	10116.ENSRNOP00000054703	10116.ENSRNOP00000018455	0	0	0	0	0	0.539	0	0	0.539
D4A4W9_RAT	Rpl35	10116.ENSRNOP00000054703	10116.ENSRNOP00000019162	0	0	0	0	0	0.488	0.800	0	0.893
D4A4W9_RAT	Rpl13	10116.ENSRNOP00000054703	10116.ENSRNOP00000020635	0	0	0	0	0	0.518	0.800	0	0.899
D4A4W9_RAT	LOC680835	10116.ENSRNOP00000054703	10116.ENSRNOP00000024266	0	0	0	0	0	0.496	0	0	0.495
D4A4W9_RAT	Rpl18a	10116.ENSRNOP00000054703	10116.ENSRNOP00000025421	0	0	0	0	0	0.703	0.800	0	0.938
D4A4W9_RAT	Rps15	10116.ENSRNOP00000054703	10116.ENSRNOP00000035156	0	0	0	0	0	0.703	0	0	0.703
D4A4W9_RAT	Isg15	10116.ENSRNOP00000054703	10116.ENSRNOP00000035405	0	0	0	0	0	0.413	0	0	0.412
D4A4W9_RAT	F1M6F4_RAT	10116.ENSRNOP00000054703	10116.ENSRNOP00000047391	0	0	0	0	0	0.488	0	0	0.487
D4A4W9_RAT	Rpl26	10116.ENSRNOP00000054703	10116.ENSRNOP00000071514	0	0	0	0	0	0.504	0	0	0.504
D4A4W9_RAT	Rps9	10116.ENSRNOP00000054703	10116.ENSRNOP00000074779	0	0	0	0	0	0.551	0	0	0.551
D4A4W9_RAT	Rpl11	10116.ENSRNOP00000054703	10116.ENSRNOP00000072829	0	0	0	0	0	0.703	0.800	0	0.938
Dad1	Sec61a1	10116.ENSRNOP00000012233	10116.ENSRNOP00000018455	0	0	0	0	0	0.771	0	0	0.771
Dag1	Krt19	10116.ENSRNOP00000026327	10116.ENSRNOP00000019133	0	0	0	0	0	0	0.900	0	0.900
Dag1	Lama1	10116.ENSRNOP00000026327	10116.ENSRNOP00000023224	0	0	0	0	0	0.104	0.900	0	0.906
Dag1	Lama5	10116.ENSRNOP00000026327	10116.ENSRNOP00000074084	0	0	0	0	0	0.100	0.650	0	0.671
Dag1	Utrn	10116.ENSRNOP00000026327	10116.ENSRNOP00000069754	0	0	0	0	0	0.419	0.720	0	0.830
Dera	Pgm2	10116.ENSRNOP00000009998	10116.ENSRNOP00000002977	0	0	0	0	0	0	0.408	0	0.408
Dera	Hk2	10116.ENSRNOP00000009998	10116.ENSRNOP00000008813	0	0	0	0	0	0	0.800	0	0.800
Dera	Pgm3	10116.ENSRNOP00000009998	10116.ENSRNOP00000062246	0	0	0	0	0	0	0.408	0	0.408
Dera	Pgm1	10116.ENSRNOP00000009998	10116.ENSRNOP00000013785	0	0	0	0	0	0	0.824	0	0.824
Dera	Ldhb	10116.ENSRNOP00000009998	10116.ENSRNOP00000017965	0	0	0	0	0	0	0.800	0	0.800
Dnajb1	Hsph1	10116.ENSRNOP00000032313	10116.ENSRNOP00000001201	0	0	0	0	0	0.505	0.162	0	0.567
Dnajb1	Dnajc3	10116.ENSRNOP00000032313	10116.ENSRNOP00000014182	0	0	0	0.587	0	0.115	0.900	0	0.907
Dnajb1	Hspa5	10116.ENSRNOP00000032313	10116.ENSRNOP00000025064	0	0	0	0	0	0.159	0.475	0	0.540
Dnajb1	Hspa12b	10116.ENSRNOP00000032313	10116.ENSRNOP00000028856	0	0	0	0	0	0.159	0.475	0	0.540
Dnajb11	Ruvbl2	10116.ENSRNOP00000002462	10116.ENSRNOP00000028217	0	0	0	0	0	0.081	0.720	0	0.731
Dnajb11	Ppib	10116.ENSRNOP00000002462	10116.ENSRNOP00000022828	0	0	0	0	0	0.162	0.720	0	0.755
Dnajb11	Sdf2l1	10116.ENSRNOP00000002462	10116.ENSRNOP00000002540	0	0	0	0	0	0.367	0.720	0	0.815
Dnajb11	Hyou1	10116.ENSRNOP00000002462	10116.ENSRNOP00000039172	0	0	0	0	0	0.159	0.755	0	0.785
Dnajb11	Pdia4	10116.ENSRNOP00000002462	10116.ENSRNOP00000008728	0	0	0	0	0	0.134	0.720	0	0.747
Dnajb11	Hspa5	10116.ENSRNOP00000002462	10116.ENSRNOP00000025064	0	0	0	0	0	0.755	0.755	0	0.937
Dnajb11	Hsp90b1	10116.ENSRNOP00000002462	10116.ENSRNOP00000034846	0	0	0	0	0	0.322	0.720	0	0.802
Dnajc3	Eif2ak2	10116.ENSRNOP00000014182	10116.ENSRNOP00000071646	0	0	0	0	0	0.170	0.900	0	0.913
Doxl1	Srm	10116.ENSRNOP00000033821	10116.ENSRNOP00000014934	0	0	0	0	0	0	0.900	0	0.900
Doxl1	Maoa	10116.ENSRNOP00000033821	10116.ENSRNOP00000063784	0	0	0	0	0	0	0.900	0	0.900
Dpm1	Gmppb	10116.ENSRNOP00000016150	10116.ENSRNOP00000026854	0	0	0	0	0	0.072	0.800	0	0.806
Efhd2	Mcam	10116.ENSRNOP00000018864	10116.ENSRNOP00000010464	0	0	0	0	0	0	0.400	0	0.400
Ehd1	Ehd4	10116.ENSRNOP00000051714	10116.ENSRNOP00000010701	0	0	0	0.978	0	0.518	0	0	0.518
Eif2ak2	Isg15	10116.ENSRNOP00000071646	10116.ENSRNOP00000035405	0	0	0	0	0	0	0.500	0	0.499
Eml4	Kif2a	10116.ENSRNOP00000072435	10116.ENSRNOP00000019189	0	0	0	0	0	0.136	0.500	0	0.549
Eml4	Ppp2r1b	10116.ENSRNOP00000072435	10116.ENSRNOP00000059428	0	0	0	0	0	0.071	0.500	0	0.515
Ero1a	Erp29	10116.ENSRNOP00000009404	10116.ENSRNOP00000001822	0	0	0	0	0	0	0.900	0	0.900
Ero1a	Pdia4	10116.ENSRNOP00000009404	10116.ENSRNOP00000008728	0	0	0	0	0	0.496	0.900	0	0.947
Ero1a	Pdia3	10116.ENSRNOP00000009404	10116.ENSRNOP00000020478	0	0	0	0	0	0.496	0	0	0.495
F1M6F4_RAT	LOC100911372	10116.ENSRNOP00000047391	10116.ENSRNOP00000010383	0	0	0	0	0	0.415	0.540	0	0.719
F1M6F4_RAT	Rpl18a	10116.ENSRNOP00000047391	10116.ENSRNOP00000025421	0	0	0	0	0	0.488	0	0	0.487
F1M6F4_RAT	Rps15	10116.ENSRNOP00000047391	10116.ENSRNOP00000035156	0	0	0	0	0	0.488	0.540	0	0.754
F1M6F4_RAT	Isg15	10116.ENSRNOP00000047391	10116.ENSRNOP00000035405	0	0	0	0	0	0.285	0.540	0	0.657
F1M6F4_RAT	Rpl11	10116.ENSRNOP00000047391	10116.ENSRNOP00000072829	0	0	0	0	0	0.488	0	0	0.487
F1M6F4_RAT	Rps9	10116.ENSRNOP00000047391	10116.ENSRNOP00000074779	0	0	0	0	0	0.413	0.540	0	0.718
F2	Htra2	10116.ENSRNOP00000022233	10116.ENSRNOP00000030076	0	0	0	0	0	0.046	0.720	0	0.721
Fbxw8	Obsl1	10116.ENSRNOP00000069282	10116.ENSRNOP00000020673	0	0	0	0	0	0.142	0.360	0	0.427
Fbxw8	LOC680835	10116.ENSRNOP00000069282	10116.ENSRNOP00000024266	0	0	0	0	0	0.774	0.800	0	0.952
Fkbp5	Ppid	10116.ENSRNOP00000034024	10116.ENSRNOP00000035797	0	0	0	0.611	0	0.101	0.400	0	0.437
Foxo4	Sfn	10116.ENSRNOP00000042383	10116.ENSRNOP00000040819	0	0	0	0	0	0.290	0.500	0	0.629
Foxo4	Stk4	10116.ENSRNOP00000042383	10116.ENSRNOP00000061873	0	0	0	0	0	0.063	0.900	0	0.902
Gbe1	Pygl	10116.ENSRNOP00000068640	10116.ENSRNOP00000009183	0	0	0	0	0	0.064	0.945	0	0.946
Gbe1	Pygb	10116.ENSRNOP00000068640	10116.ENSRNOP00000010158	0	0	0	0	0	0.064	0.945	0	0.946
Gbe1	Slc3a2	10116.ENSRNOP00000068640	10116.ENSRNOP00000025196	0	0	0	0	0	0	0.408	0	0.408
Gbe1	Gys1	10116.ENSRNOP00000068640	10116.ENSRNOP00000028271	0	0	0	0	0	0.506	0.937	0	0.967
Gne	Pgm2	10116.ENSRNOP00000074334	10116.ENSRNOP00000002977	0	0	0	0	0	0	0.522	0	0.522
Gne	Slc3a2	10116.ENSRNOP00000074334	10116.ENSRNOP00000025196	0	0	0	0	0	0	0.408	0	0.408
Gne	Pgm3	10116.ENSRNOP00000074334	10116.ENSRNOP00000062246	0	0	0	0	0	0	0.522	0	0.522
Got1	Ldhb	10116.ENSRNOP00000022309	10116.ENSRNOP00000017965	0	0	0	0	0	0.099	0.929	0	0.934
Got1	Idh1	10116.ENSRNOP00000022309	10116.ENSRNOP00000020322	0	0	0	0	0	0.064	0.800	0	0.804
Got1	Nup62cl	10116.ENSRNOP00000022309	10116.ENSRNOP00000075626	0	0	0	0	0	0.482	0	0	0.482
Gpx3	Gstp1	10116.ENSRNOP00000073271	10116.ENSRNOP00000024601	0	0	0	0	0	0	0.650	0	0.650
Hadh	Hibadh	10116.ENSRNOP00000014658	10116.ENSRNOP00000011069	0	0	0	0	0	0.125	0.900	0	0.908
Hibadh	Maoa	10116.ENSRNOP00000011069	10116.ENSRNOP00000063784	0	0	0	0	0	0.419	0	0	0.418
Hk2	Pgm1	10116.ENSRNOP00000008813	10116.ENSRNOP00000013785	0	0	0	0	0	0	0.914	0	0.914
Hm13	Hmox1	10116.ENSRNOP00000072050	10116.ENSRNOP00000019192	0	0	0	0	0	0	0.750	0	0.750
Hm13	Syvn1	10116.ENSRNOP00000072050	10116.ENSRNOP00000028462	0	0	0	0	0	0.114	0.720	0	0.741
Hmox1	Hmox2	10116.ENSRNOP00000019192	10116.ENSRNOP00000005031	0	0	0	0.923	0	0	0.900	0	0.900
Hmox1	Sgta	10116.ENSRNOP00000019192	10116.ENSRNOP00000026960	0	0	0	0	0	0	0.500	0	0.499
Hsp90b1	Sdf2l1	10116.ENSRNOP00000034846	10116.ENSRNOP00000002540	0	0	0	0	0	0.124	0.720	0	0.744
Hsp90b1	Pdia4	10116.ENSRNOP00000034846	10116.ENSRNOP00000008728	0	0	0	0	0	0.544	0.720	0	0.866
Hsp90b1	Ppib	10116.ENSRNOP00000034846	10116.ENSRNOP00000022828	0	0	0	0	0	0.208	0.720	0	0.768
Hsp90b1	Hspa5	10116.ENSRNOP00000034846	10116.ENSRNOP00000025064	0	0	0	0	0	0.476	0.720	0	0.847
Hsp90b1	Hyou1	10116.ENSRNOP00000034846	10116.ENSRNOP00000039172	0	0	0	0	0	0.253	0.720	0	0.781
Hspa12b	Hsph1	10116.ENSRNOP00000028856	10116.ENSRNOP00000001201	0	0	0	0	0	0.273	0.400	0	0.545
Hspa12b	Hspa5	10116.ENSRNOP00000028856	10116.ENSRNOP00000025064	0	0	0	0	0	0.177	0.500	0	0.570
Hspa5	Hsph1	10116.ENSRNOP00000025064	10116.ENSRNOP00000001201	0	0	0	0.756	0	0.252	0.400	0	0.532
Hspa5	Sdf2l1	10116.ENSRNOP00000025064	10116.ENSRNOP00000002540	0	0	0	0	0	0.284	0.720	0	0.790
Hspa5	Pdia4	10116.ENSRNOP00000025064	10116.ENSRNOP00000008728	0	0	0	0	0	0.662	0.720	0	0.901
Hspa5	Manf	10116.ENSRNOP00000025064	10116.ENSRNOP00000019107	0	0	0	0	0	0.969	0	0	0.969
Hspa5	Pdia3	10116.ENSRNOP00000025064	10116.ENSRNOP00000020478	0	0	0	0	0	0.236	0.500	0	0.601
Hspa5	Ppib	10116.ENSRNOP00000025064	10116.ENSRNOP00000022828	0	0	0	0	0	0.249	0.720	0	0.780
Hspa5	RT1-CE4	10116.ENSRNOP00000025064	10116.ENSRNOP00000059471	0	0	0	0	0	0.065	0.500	0	0.512
Hspa5	Tapbp	10116.ENSRNOP00000025064	10116.ENSRNOP00000045630	0	0	0	0	0	0.063	0.500	0	0.511
Hspa5	Sec63	10116.ENSRNOP00000025064	10116.ENSRNOP00000069126	0	0	0	0	0	0.771	0	0	0.771
Hspa5	Hyou1	10116.ENSRNOP00000025064	10116.ENSRNOP00000039172	0	0	0	0.700	0	0.833	0.720	0	0.951
Hspe1	Tfrc	10116.ENSRNOP00000068700	10116.ENSRNOP00000002407	0	0	0	0	0	0	0.400	0	0.400
Hspe1	Mcam	10116.ENSRNOP00000068700	10116.ENSRNOP00000010464	0	0	0	0	0	0	0.400	0	0.400
Hspe1	Shmt2	10116.ENSRNOP00000068700	10116.ENSRNOP00000011082	0	0	0	0	0	0.131	0.400	0	0.456
Hyou1	Sdf2l1	10116.ENSRNOP00000039172	10116.ENSRNOP00000002540	0	0	0	0	0	0.124	0.720	0	0.744
Hyou1	Pdia4	10116.ENSRNOP00000039172	10116.ENSRNOP00000008728	0	0	0	0	0	0.335	0.720	0	0.806
Hyou1	Ppib	10116.ENSRNOP00000039172	10116.ENSRNOP00000022828	0	0	0	0	0	0.122	0.720	0	0.743
Igf2r	Tfrc	10116.ENSRNOP00000021840	10116.ENSRNOP00000002407	0	0	0	0	0	0	0.400	0	0.400
Igf2r	Scarb2	10116.ENSRNOP00000021840	10116.ENSRNOP00000003052	0	0	0	0	0	0	0.400	0	0.400
Ighm	Jchain	10116.ENSRNOP00000046692	10116.ENSRNOP00000004866	0	0	0	0	0	0.727	0.540	0	0.869
Ighm	M0RBD5_RAT	10116.ENSRNOP00000046692	10116.ENSRNOP00000070092	0	0	0	0	0	0	0.540	0	0.540
Impact	Txnrd1	10116.ENSRNOP00000064200	10116.ENSRNOP00000013612	0	0	0	0	0	0	0.452	0	0.452
Impact	Phgdh	10116.ENSRNOP00000064200	10116.ENSRNOP00000053019	0	0	0	0	0	0	0.515	0	0.515
Isg15	LOC100911372	10116.ENSRNOP00000035405	10116.ENSRNOP00000010383	0	0	0	0	0	0.346	0.540	0	0.686
Isg15	Rps15	10116.ENSRNOP00000035405	10116.ENSRNOP00000035156	0	0	0	0	0	0.413	0.540	0	0.718
Isg15	Rpl11	10116.ENSRNOP00000035405	10116.ENSRNOP00000072829	0	0	0	0	0	0.413	0	0	0.412
Isg15	Rps9	10116.ENSRNOP00000035405	10116.ENSRNOP00000074779	0	0	0	0	0	0.346	0.540	0	0.686
Itga2b	Itga6	10116.ENSRNOP00000052051	10116.ENSRNOP00000002075	0	0	0	0.630	0	0	0.540	0	0.540
Itga2b	Lama1	10116.ENSRNOP00000052051	10116.ENSRNOP00000023224	0	0	0	0	0	0.100	0.650	0	0.671
Itga2b	Itgav	10116.ENSRNOP00000052051	10116.ENSRNOP00000069681	0	0	0	0.832	0	0	0.540	0	0.540
Itga2b	Lama5	10116.ENSRNOP00000052051	10116.ENSRNOP00000074084	0	0	0	0	0	0.237	0.650	0	0.721
Itga6	Lama1	10116.ENSRNOP00000002075	10116.ENSRNOP00000023224	0	0	0	0	0	0.100	0.650	0	0.671
Itga6	Itgav	10116.ENSRNOP00000002075	10116.ENSRNOP00000069681	0	0	0	0.688	0	0	0.720	0	0.720
Itga6	Lama5	10116.ENSRNOP00000002075	10116.ENSRNOP00000074084	0	0	0	0	0	0.770	0.650	0	0.916
Itsn1	Ralb	10116.ENSRNOP00000044773	10116.ENSRNOP00000003413	0	0	0	0	0	0.546	0	0	0.546
Jchain	M0RBD5_RAT	10116.ENSRNOP00000004866	10116.ENSRNOP00000070092	0	0	0	0	0	0.286	0.540	0	0.657
Kdelr2	Sptan1	10116.ENSRNOP00000001438	10116.ENSRNOP00000072038	0	0	0	0	0	0	0.500	0	0.499
Kdelr2	Sptbn1	10116.ENSRNOP00000001438	10116.ENSRNOP00000074766	0	0	0	0	0	0	0.500	0	0.499
Kdelr2	Uso1	10116.ENSRNOP00000001438	10116.ENSRNOP00000003277	0	0	0	0	0	0	0.500	0	0.499
Kdelr2	Tmed3	10116.ENSRNOP00000001438	10116.ENSRNOP00000018603	0	0	0	0	0	0	0.500	0	0.499
Kdelr2	Tmed7	10116.ENSRNOP00000001438	10116.ENSRNOP00000004942	0	0	0	0	0	0	0.500	0	0.499
Kif13b	Kif2a	10116.ENSRNOP00000074800	10116.ENSRNOP00000019189	0	0	0	0.624	0	0	0.540	0	0.540
Krt19	Utrn	10116.ENSRNOP00000019133	10116.ENSRNOP00000069754	0	0	0	0	0	0.074	0.720	0	0.729
LOC100911372	Rpl19	10116.ENSRNOP00000010383	10116.ENSRNOP00000006359	0	0	0	0	0	0.864	0	0	0.864
LOC100911372	LOC680835	10116.ENSRNOP00000010383	10116.ENSRNOP00000024266	0	0	0	0	0	0.419	0	0	0.418
LOC100911372	Rpl35	10116.ENSRNOP00000010383	10116.ENSRNOP00000019162	0	0	0	0	0	0.877	0	0	0.877
LOC100911372	Rpl13	10116.ENSRNOP00000010383	10116.ENSRNOP00000020635	0	0	0	0	0	0.894	0	0	0.894
LOC100911372	Rpl18a	10116.ENSRNOP00000010383	10116.ENSRNOP00000025421	0	0	0	0	0	0.908	0	0	0.908
LOC100911372	Rpl26	10116.ENSRNOP00000010383	10116.ENSRNOP00000071514	0	0	0	0	0	0.891	0	0	0.891
LOC100911372	Rpl11	10116.ENSRNOP00000010383	10116.ENSRNOP00000072829	0	0	0	0	0	0.908	0	0	0.908
LOC100911372	Rps9	10116.ENSRNOP00000010383	10116.ENSRNOP00000074779	0	0	0	0	0	0.901	0.900	0	0.989
LOC100911372	Rps15	10116.ENSRNOP00000010383	10116.ENSRNOP00000035156	0	0	0	0	0	0.908	0.900	0	0.990
LOC102555086	Ppib	10116.ENSRNOP00000068391	10116.ENSRNOP00000022828	0	0	0	0	0	0.100	0.800	0	0.812
LOC102555086	Serpinh1	10116.ENSRNOP00000068391	10116.ENSRNOP00000022983	0	0	0	0	0	0	0.400	0	0.400
LOC680835	Tmed7	10116.ENSRNOP00000024266	10116.ENSRNOP00000004942	0	0	0	0	0	0.485	0	0	0.485
LOC680835	Sec61a1	10116.ENSRNOP00000024266	10116.ENSRNOP00000018455	0	0	0	0	0	0.490	0	0	0.489
LOC680835	Tmed3	10116.ENSRNOP00000024266	10116.ENSRNOP00000018603	0	0	0	0	0	0.485	0	0	0.485
LOC680835	Obsl1	10116.ENSRNOP00000024266	10116.ENSRNOP00000020673	0	0	0	0	0	0.261	0.800	0	0.845
LOC680835	Rpl18a	10116.ENSRNOP00000024266	10116.ENSRNOP00000025421	0	0	0	0	0	0.419	0	0	0.418
LOC680835	Rps9	10116.ENSRNOP00000024266	10116.ENSRNOP00000074779	0	0	0	0	0	0.522	0	0	0.522
LOC680835	Rpl11	10116.ENSRNOP00000024266	10116.ENSRNOP00000072829	0	0	0	0	0	0.496	0	0	0.495
LOC680835	Rps15	10116.ENSRNOP00000024266	10116.ENSRNOP00000035156	0	0	0	0	0	0.496	0	0	0.495
Lama1	Lama5	10116.ENSRNOP00000023224	10116.ENSRNOP00000074084	0	0	0	0.645	0	0.169	0.720	0	0.757
Lcp1	Pls3	10116.ENSRNOP00000071263	10116.ENSRNOP00000056912	0	0	0	0.980	0	0.450	0	0	0.450
Lman1	Sec31a	10116.ENSRNOP00000035966	10116.ENSRNOP00000003072	0	0	0	0	0	0	0.500	0	0.499
Lman1	Uso1	10116.ENSRNOP00000035966	10116.ENSRNOP00000003277	0	0	0	0	0	0	0.500	0	0.499
Lman1	Lman2	10116.ENSRNOP00000035966	10116.ENSRNOP00000021638	0	0	0	0.753	0	0.080	0.400	0	0.424
Lman1	Tfg	10116.ENSRNOP00000035966	10116.ENSRNOP00000075029	0	0	0	0	0	0.044	0.500	0	0.501
Lman2	Sec31a	10116.ENSRNOP00000021638	10116.ENSRNOP00000003072	0	0	0	0	0	0	0.500	0	0.499
Lman2	Uso1	10116.ENSRNOP00000021638	10116.ENSRNOP00000003277	0	0	0	0	0	0	0.500	0	0.499
Lman2	Tfg	10116.ENSRNOP00000021638	10116.ENSRNOP00000075029	0	0	0	0	0	0.051	0.500	0	0.505
Manf	Tuba4a	10116.ENSRNOP00000019107	10116.ENSRNOP00000004797	0	0	0	0	0	0	0.400	0	0.400
Mcam	Tfrc	10116.ENSRNOP00000010464	10116.ENSRNOP00000002407	0	0	0	0	0	0.100	0.400	0	0.436
Mcam	Shmt2	10116.ENSRNOP00000010464	10116.ENSRNOP00000011082	0	0	0	0	0	0.041	0.400	0	0.400
Mcam	Stk10	10116.ENSRNOP00000010464	10116.ENSRNOP00000044325	0	0	0	0	0	0	0.400	0	0.400
Mthfd1l	Shmt2	10116.ENSRNOP00000026564	10116.ENSRNOP00000011082	0	0	0	0	0	0.174	0.938	0	0.946
Nagk	Pgm3	10116.ENSRNOP00000039247	10116.ENSRNOP00000062246	0	0	0	0	0	0	0.900	0	0.900
Nt5c3a	Upp1	10116.ENSRNOP00000071357	10116.ENSRNOP00000006765	0	0	0	0	0	0	0.900	0	0.900
Nup62cl	Plekha7	10116.ENSRNOP00000075626	10116.ENSRNOP00000074003	0	0	0	0	0	0	0.540	0	0.540
Pdia3	RT1-CE4	10116.ENSRNOP00000020478	10116.ENSRNOP00000059471	0	0	0	0	0	0.166	0.500	0	0.565
Pdia3	Tapbp	10116.ENSRNOP00000020478	10116.ENSRNOP00000045630	0	0	0	0	0	0.771	0.900	0	0.976
Pdia4	Sdf2l1	10116.ENSRNOP00000008728	10116.ENSRNOP00000002540	0	0	0	0	0	0.125	0.720	0	0.744
Pdia4	Tapbp	10116.ENSRNOP00000008728	10116.ENSRNOP00000045630	0	0	0	0	0	0.536	0	0	0.536
Pdia4	Ppib	10116.ENSRNOP00000008728	10116.ENSRNOP00000022828	0	0	0	0	0	0.433	0.720	0	0.834
Pgm1	Pgm2	10116.ENSRNOP00000013785	10116.ENSRNOP00000002977	0	0	0	0	0	0.280	0.408	0	0.555
Pgm1	Pygl	10116.ENSRNOP00000013785	10116.ENSRNOP00000009183	0	0	0	0	0	0	0.938	0	0.938
Pgm1	Pygb	10116.ENSRNOP00000013785	10116.ENSRNOP00000010158	0	0	0	0	0	0	0.938	0	0.938
Pgm1	Pgm3	10116.ENSRNOP00000013785	10116.ENSRNOP00000062246	0	0	0	0	0	0.187	0.408	0	0.498
Pgm2	Upp1	10116.ENSRNOP00000002977	10116.ENSRNOP00000006765	0	0	0	0	0	0	0.408	0	0.408
Pgm3	Upp1	10116.ENSRNOP00000062246	10116.ENSRNOP00000006765	0	0	0	0	0	0	0.408	0	0.408
Phgdh	Shmt2	10116.ENSRNOP00000053019	10116.ENSRNOP00000011082	0	0	0	0	0	0.051	0.408	0	0.414
Ppib	Sdf2l1	10116.ENSRNOP00000022828	10116.ENSRNOP00000002540	0	0	0	0	0	0.124	0.720	0	0.744
Ppib	Serpinh1	10116.ENSRNOP00000022828	10116.ENSRNOP00000022983	0	0	0	0	0	0.059	0.400	0	0.411
Prdx5	Txnrd1	10116.ENSRNOP00000028687	10116.ENSRNOP00000013612	0	0	0	0	0	0	0.452	0	0.452
Pygb	Pygl	10116.ENSRNOP00000010158	10116.ENSRNOP00000009183	0	0	0	0.980	0	0.420	0.900	0	0.939
RT1-CE4	Sec31a	10116.ENSRNOP00000059471	10116.ENSRNOP00000003072	0	0	0	0	0	0	0.500	0	0.499
RT1-CE4	Tapbp	10116.ENSRNOP00000059471	10116.ENSRNOP00000045630	0	0	0	0	0	0.283	0.500	0	0.626
Rpl11	Tmed7	10116.ENSRNOP00000072829	10116.ENSRNOP00000004942	0	0	0	0	0	0.486	0	0	0.485
Rpl11	Rpl19	10116.ENSRNOP00000072829	10116.ENSRNOP00000006359	0	0	0	0	0	0.877	0.800	0	0.974
Rpl11	Sec61a1	10116.ENSRNOP00000072829	10116.ENSRNOP00000018455	0	0	0	0	0	0.698	0	0	0.698
Rpl11	Tmed3	10116.ENSRNOP00000072829	10116.ENSRNOP00000018603	0	0	0	0	0	0.486	0	0	0.485
Rpl11	Rpl35	10116.ENSRNOP00000072829	10116.ENSRNOP00000019162	0	0	0	0	0	0.893	0.800	0	0.977
Rpl11	Rpl13	10116.ENSRNOP00000072829	10116.ENSRNOP00000020635	0	0	0	0	0	0.899	0.800	0	0.979
Rpl11	Rpl18a	10116.ENSRNOP00000072829	10116.ENSRNOP00000025421	0	0	0	0	0	0.938	0.800	0	0.987
Rpl11	Rps15	10116.ENSRNOP00000072829	10116.ENSRNOP00000035156	0	0	0	0	0	0.938	0	0	0.938
Rpl11	Rpl26	10116.ENSRNOP00000072829	10116.ENSRNOP00000071514	0	0	0	0	0	0.896	0	0	0.896
Rpl11	Rps9	10116.ENSRNOP00000072829	10116.ENSRNOP00000074779	0	0	0	0	0	0.906	0	0	0.906
Rpl13	Rpl19	10116.ENSRNOP00000020635	10116.ENSRNOP00000006359	0	0	0	0	0	0.854	0.800	0	0.969
Rpl13	Sec61a1	10116.ENSRNOP00000020635	10116.ENSRNOP00000018455	0	0	0	0	0	0.477	0	0	0.477
Rpl13	Rpl35	10116.ENSRNOP00000020635	10116.ENSRNOP00000019162	0	0	0	0	0	0.861	0.800	0	0.971
Rpl13	Rpl26	10116.ENSRNOP00000020635	10116.ENSRNOP00000071514	0	0	0	0	0	0.869	0	0	0.869
Rpl13	Rps15	10116.ENSRNOP00000020635	10116.ENSRNOP00000035156	0	0	0	0	0	0.899	0	0	0.899
Rpl13	Rps9	10116.ENSRNOP00000020635	10116.ENSRNOP00000074779	0	0	0	0	0	0.893	0	0	0.893
Rpl13	Rpl18a	10116.ENSRNOP00000020635	10116.ENSRNOP00000025421	0	0	0	0	0	0.899	0.800	0	0.979
Rpl18a	Rpl19	10116.ENSRNOP00000025421	10116.ENSRNOP00000006359	0	0	0	0	0	0.877	0.800	0	0.974
Rpl18a	Sec61a1	10116.ENSRNOP00000025421	10116.ENSRNOP00000018455	0	0	0	0	0	0.541	0	0	0.541
Rpl18a	Rpl35	10116.ENSRNOP00000025421	10116.ENSRNOP00000019162	0	0	0	0	0	0.893	0.800	0	0.977
Rpl18a	Rps9	10116.ENSRNOP00000025421	10116.ENSRNOP00000074779	0	0	0	0	0	0.906	0	0	0.906
Rpl18a	Rpl26	10116.ENSRNOP00000025421	10116.ENSRNOP00000071514	0	0	0	0	0	0.896	0	0	0.896
Rpl18a	Rps15	10116.ENSRNOP00000025421	10116.ENSRNOP00000035156	0	0	0	0	0	0.938	0	0	0.938
Rpl19	Rpl26	10116.ENSRNOP00000006359	10116.ENSRNOP00000071514	0	0	0	0	0	0.852	0	0	0.852
Rpl19	Rps15	10116.ENSRNOP00000006359	10116.ENSRNOP00000035156	0	0	0	0	0	0.877	0	0	0.877
Rpl19	Rps9	10116.ENSRNOP00000006359	10116.ENSRNOP00000074779	0	0	0	0	0	0.863	0	0	0.863
Rpl19	Rpl35	10116.ENSRNOP00000006359	10116.ENSRNOP00000019162	0	0	0	0	0	0.850	0.800	0	0.968
Rpl26	Sec61a1	10116.ENSRNOP00000071514	10116.ENSRNOP00000018455	0	0	0	0	0	0.497	0	0	0.497
Rpl26	Rpl35	10116.ENSRNOP00000071514	10116.ENSRNOP00000019162	0	0	0	0	0	0.858	0	0	0.858
Rpl26	Rps15	10116.ENSRNOP00000071514	10116.ENSRNOP00000035156	0	0	0	0	0	0.896	0	0	0.896
Rpl26	Rps9	10116.ENSRNOP00000071514	10116.ENSRNOP00000074779	0	0	0	0	0	0.891	0	0	0.891
Rpl35	Sec61a1	10116.ENSRNOP00000019162	10116.ENSRNOP00000018455	0	0	0	0	0	0.490	0	0	0.489
Rpl35	Rps9	10116.ENSRNOP00000019162	10116.ENSRNOP00000074779	0	0	0	0	0	0.877	0	0	0.877
Rpl35	Rps15	10116.ENSRNOP00000019162	10116.ENSRNOP00000035156	0	0	0	0	0	0.893	0	0	0.893
Rps15	Sec61a1	10116.ENSRNOP00000035156	10116.ENSRNOP00000018455	0	0	0	0	0	0.635	0	0	0.635
Rps15	Rps9	10116.ENSRNOP00000035156	10116.ENSRNOP00000074779	0	0	0	0	0	0.906	0.900	0	0.990
Rps9	Tmed7	10116.ENSRNOP00000074779	10116.ENSRNOP00000004942	0	0	0	0	0	0.485	0	0	0.485
Rps9	Sec61a1	10116.ENSRNOP00000074779	10116.ENSRNOP00000018455	0	0	0	0	0	0.515	0	0	0.515
Rps9	Tmed3	10116.ENSRNOP00000074779	10116.ENSRNOP00000018603	0	0	0	0	0	0.485	0	0	0.485
Ruvbl2	Sdf2l1	10116.ENSRNOP00000028217	10116.ENSRNOP00000002540	0	0	0	0	0	0.060	0.720	0	0.725
Ruvbl2	Uchl5	10116.ENSRNOP00000028217	10116.ENSRNOP00000072164	0	0	0	0	0	0.500	0.720	0	0.854
Scarb2	Tfrc	10116.ENSRNOP00000003052	10116.ENSRNOP00000002407	0	0	0	0	0	0	0.400	0	0.400
Sec31a	Tfg	10116.ENSRNOP00000003072	10116.ENSRNOP00000075029	0	0	0	0	0	0.362	0.500	0	0.667
Sec61a1	Sec63	10116.ENSRNOP00000018455	10116.ENSRNOP00000069126	0	0	0	0	0	0.967	0	0	0.967
Shmt2	Tfrc	10116.ENSRNOP00000011082	10116.ENSRNOP00000002407	0	0	0	0	0	0	0.400	0	0.400
Sptan1	Uso1	10116.ENSRNOP00000072038	10116.ENSRNOP00000003277	0	0	0	0	0	0	0.500	0	0.499
Sptan1	Tmed7	10116.ENSRNOP00000072038	10116.ENSRNOP00000004942	0	0	0	0	0	0	0.500	0	0.499
Sptan1	Tmed3	10116.ENSRNOP00000072038	10116.ENSRNOP00000018603	0	0	0	0	0	0	0.500	0	0.499
Sptan1	Sptbn1	10116.ENSRNOP00000072038	10116.ENSRNOP00000074766	0	0	0	0.663	0	0.665	0.400	0	0.790
Sptbn1	Uso1	10116.ENSRNOP00000074766	10116.ENSRNOP00000003277	0	0	0	0	0	0	0.500	0	0.499
Sptbn1	Tmed7	10116.ENSRNOP00000074766	10116.ENSRNOP00000004942	0	0	0	0	0	0	0.500	0	0.499
Sptbn1	Tmed3	10116.ENSRNOP00000074766	10116.ENSRNOP00000018603	0	0	0	0	0	0	0.500	0	0.499
Stk10	Tfrc	10116.ENSRNOP00000044325	10116.ENSRNOP00000002407	0	0	0	0	0	0	0.400	0	0.400
Tmed3	Uso1	10116.ENSRNOP00000018603	10116.ENSRNOP00000003277	0	0	0	0	0	0	0.500	0	0.499
Tmed3	Tmed7	10116.ENSRNOP00000018603	10116.ENSRNOP00000004942	0	0	0	0.965	0	0	0.500	0	0.499
Tmed7	Uso1	10116.ENSRNOP00000004942	10116.ENSRNOP00000003277	0	0	0	0	0	0	0.500	0	0.499
Tuba4a	Tubb3	10116.ENSRNOP00000004797	10116.ENSRNOP00000023452	0	0	0	0.914	0	0.347	0.650	0	0.761
